fecha_captura,fecha_actualizacion,nivel,ubigeo,nombre_ubigeo,actas_contabilizadas,contabilizadas,total_actas,participacion,votos_emitidos,votos_validos,enviadas_jee,pendientes_jee
2026-06-08T02:16:09+00:00,2026-06-08T02:12:03+00:00,nacional,,PERÚ,43.321,40187,92766,33.332,9108089,8508835,642,51937
2026-06-08T02:24:18+00:00,2026-06-08T02:22:02+00:00,nacional,,PERÚ,46.29,42941,92766,35.614,9731738,9092145,697,49128
2026-06-08T02:24:18+00:00,2026-06-08T02:22:02+00:00,departamento,010000,AMAZONAS,36.933,472,1278,26.544,91642,85409,9,797
2026-06-08T02:24:18+00:00,2026-06-08T02:22:02+00:00,departamento,020000,ÁNCASH,39.43,1369,3472,30.388,295185,270633,21,2082
2026-06-08T02:24:18+00:00,2026-06-08T02:22:02+00:00,departamento,030000,APURÍMAC,33.03,435,1317,25.244,91216,85908,4,878
2026-06-08T02:24:18+00:00,2026-06-08T02:22:02+00:00,departamento,040000,AREQUIPA,61.874,2608,4215,50.963,625070,585740,18,1589
2026-06-08T02:24:18+00:00,2026-06-08T02:22:02+00:00,departamento,050000,AYACUCHO,42.158,801,1900,32.508,169118,160484,10,1089
2026-06-08T02:24:18+00:00,2026-06-08T02:22:02+00:00,departamento,060000,CAJAMARCA,34.175,1449,4240,26.207,314162,290002,8,2783
2026-06-08T02:24:18+00:00,2026-06-08T02:22:02+00:00,departamento,240000,CALLAO,56.487,1637,2898,44.007,378010,352310,33,1228
2026-06-08T02:24:18+00:00,2026-06-08T02:22:02+00:00,departamento,070000,CUSCO,48.531,1933,3983,37.471,424831,396339,31,2019
2026-06-08T02:24:18+00:00,2026-06-08T02:22:02+00:00,departamento,080000,HUANCAVELICA,29.379,374,1273,21.082,71562,67826,3,896
2026-06-08T02:24:18+00:00,2026-06-08T02:22:02+00:00,departamento,090000,HUÁNUCO,40.795,955,2341,29.791,195582,182677,8,1378
2026-06-08T02:24:18+00:00,2026-06-08T02:22:02+00:00,departamento,100000,ICA,54.892,1341,2443,45.184,322610,304214,11,1091
2026-06-08T02:24:18+00:00,2026-06-08T02:22:02+00:00,departamento,110000,JUNÍN,57.383,2118,3691,43.973,467208,437747,15,1558
2026-06-08T02:24:18+00:00,2026-06-08T02:22:02+00:00,departamento,120000,LA LIBERTAD,58.299,3091,5302,45.098,700233,649101,23,2188
2026-06-08T02:24:18+00:00,2026-06-08T02:22:02+00:00,departamento,130000,LAMBAYEQUE,68.747,2468,3590,53.588,563394,519976,9,1113
2026-06-08T02:24:18+00:00,2026-06-08T02:22:02+00:00,departamento,140000,LIMA,45.126,13198,29247,35.929,3108261,2919045,384,15665
2026-06-08T02:24:18+00:00,2026-06-08T02:22:02+00:00,departamento,150000,LORETO,23.545,635,2697,15.497,120241,112331,7,2055
2026-06-08T02:24:18+00:00,2026-06-08T02:22:02+00:00,departamento,160000,MADRE DE DIOS,53.846,273,507,39.628,58482,55456,4,230
2026-06-08T02:24:18+00:00,2026-06-08T02:22:02+00:00,departamento,170000,MOQUEGUA,69.031,399,578,56.449,92931,87448,2,177
2026-06-08T02:24:18+00:00,2026-06-08T02:22:02+00:00,departamento,180000,PASCO,38.03,305,802,26.849,60059,55864,7,490
2026-06-08T02:24:18+00:00,2026-06-08T02:22:02+00:00,departamento,190000,PIURA,51.411,2715,5281,40.223,617051,569034,42,2524
2026-06-08T02:24:18+00:00,2026-06-08T02:22:02+00:00,departamento,200000,PUNO,36.267,1232,3397,29.316,282452,268793,10,2155
2026-06-08T02:24:18+00:00,2026-06-08T02:22:02+00:00,departamento,210000,SAN MARTÍN,45.343,1149,2534,34.103,246768,228058,6,1379
2026-06-08T02:24:18+00:00,2026-06-08T02:22:02+00:00,departamento,220000,TACNA,78.098,813,1041,64.351,194737,183606,12,216
2026-06-08T02:24:18+00:00,2026-06-08T02:22:02+00:00,departamento,230000,TUMBES,73.576,465,632,56.32,102117,94003,3,164
2026-06-08T02:24:18+00:00,2026-06-08T02:22:02+00:00,departamento,250000,UCAYALI,45.141,706,1564,30.581,138816,130141,17,841
2026-06-08T02:30:22+00:00,2026-06-08T02:26:03+00:00,nacional,,PERÚ,47.661,44213,92766,36.661,10017767,9359503,728,47825
2026-06-08T02:30:22+00:00,2026-06-08T02:26:03+00:00,departamento,010000,AMAZONAS,36.933,472,1278,26.544,91642,85409,9,797
2026-06-08T02:30:22+00:00,2026-06-08T02:26:03+00:00,departamento,020000,ÁNCASH,41.849,1453,3472,32.27,313468,287310,22,1997
2026-06-08T02:30:22+00:00,2026-06-08T02:26:03+00:00,departamento,030000,APURÍMAC,33.485,441,1317,25.515,92194,86851,4,872
2026-06-08T02:30:22+00:00,2026-06-08T02:26:03+00:00,departamento,040000,AREQUIPA,64.674,2726,4215,53.297,653700,612465,18,1471
2026-06-08T02:30:22+00:00,2026-06-08T02:26:03+00:00,departamento,050000,AYACUCHO,42.263,803,1900,32.581,169498,160839,10,1087
2026-06-08T02:30:22+00:00,2026-06-08T02:26:03+00:00,departamento,060000,CAJAMARCA,34.953,1482,4240,26.731,320448,295708,8,2750
2026-06-08T02:30:22+00:00,2026-06-08T02:26:03+00:00,departamento,240000,CALLAO,57.522,1667,2898,44.792,384745,358560,33,1198
2026-06-08T02:30:22+00:00,2026-06-08T02:26:03+00:00,departamento,070000,CUSCO,49.234,1961,3983,37.987,430682,401800,32,1990
2026-06-08T02:30:22+00:00,2026-06-08T02:26:03+00:00,departamento,080000,HUANCAVELICA,30.793,392,1273,22.167,75245,71325,3,878
2026-06-08T02:30:22+00:00,2026-06-08T02:26:03+00:00,departamento,090000,HUÁNUCO,42.717,1000,2341,31.167,204614,191128,8,1333
2026-06-08T02:30:22+00:00,2026-06-08T02:26:03+00:00,departamento,100000,ICA,56.16,1372,2443,46.177,329701,310895,11,1060
2026-06-08T02:30:22+00:00,2026-06-08T02:26:03+00:00,departamento,110000,JUNÍN,59.198,2185,3691,45.324,481570,451214,16,1490
2026-06-08T02:30:22+00:00,2026-06-08T02:26:03+00:00,departamento,120000,LA LIBERTAD,58.978,3127,5302,45.591,707892,656048,23,2152
2026-06-08T02:30:22+00:00,2026-06-08T02:26:03+00:00,departamento,130000,LAMBAYEQUE,68.858,2472,3590,53.677,564331,520844,9,1109
2026-06-08T02:30:22+00:00,2026-06-08T02:26:03+00:00,departamento,140000,LIMA,47.017,13751,29247,37.419,3237160,3040195,407,15089
2026-06-08T02:30:22+00:00,2026-06-08T02:26:03+00:00,departamento,150000,LORETO,23.767,641,2697,15.65,121435,113470,8,2048
2026-06-08T02:30:22+00:00,2026-06-08T02:26:03+00:00,departamento,160000,MADRE DE DIOS,53.846,273,507,39.628,58482,55456,4,230
2026-06-08T02:30:22+00:00,2026-06-08T02:26:03+00:00,departamento,170000,MOQUEGUA,71.626,414,578,58.561,96407,90712,2,162
2026-06-08T02:30:22+00:00,2026-06-08T02:26:03+00:00,departamento,180000,PASCO,40.648,326,802,28.546,63855,59421,7,469
2026-06-08T02:30:22+00:00,2026-06-08T02:26:03+00:00,departamento,190000,PIURA,52.358,2765,5281,40.962,628395,579406,44,2472
2026-06-08T02:30:22+00:00,2026-06-08T02:26:03+00:00,departamento,200000,PUNO,37.975,1290,3397,30.738,296156,281791,10,2097
2026-06-08T02:30:22+00:00,2026-06-08T02:26:03+00:00,departamento,210000,SAN MARTÍN,45.856,1162,2534,34.501,249653,230769,6,1366
2026-06-08T02:30:22+00:00,2026-06-08T02:26:03+00:00,departamento,220000,TACNA,78.674,819,1041,64.799,196091,184895,12,210
2026-06-08T02:30:22+00:00,2026-06-08T02:26:03+00:00,departamento,230000,TUMBES,74.209,469,632,56.778,102948,94775,3,160
2026-06-08T02:30:22+00:00,2026-06-08T02:26:03+00:00,departamento,250000,UCAYALI,47.954,750,1564,32.484,147455,138217,19,795
2026-06-08T02:53:22+00:00,2026-06-08T02:46:02+00:00,nacional,,PERÚ,52.255,48475,92766,40.201,10985148,10263749,823,43468
2026-06-08T02:53:22+00:00,2026-06-08T02:46:02+00:00,departamento,010000,AMAZONAS,39.358,503,1278,28.143,97164,90471,9,766
2026-06-08T02:53:22+00:00,2026-06-08T02:46:02+00:00,departamento,020000,ÁNCASH,48.963,1700,3472,37.688,366096,335453,26,1746
2026-06-08T02:53:22+00:00,2026-06-08T02:46:02+00:00,departamento,030000,APURÍMAC,35.459,467,1317,27.023,97643,92023,4,846
2026-06-08T02:53:22+00:00,2026-06-08T02:46:02+00:00,departamento,040000,AREQUIPA,71.269,3004,4215,58.723,720251,674933,19,1192
2026-06-08T02:53:22+00:00,2026-06-08T02:46:02+00:00,departamento,050000,AYACUCHO,43.316,823,1900,33.275,173107,164222,11,1066
2026-06-08T02:53:22+00:00,2026-06-08T02:46:02+00:00,departamento,060000,CAJAMARCA,38.231,1621,4240,29.018,347863,321053,9,2610
2026-06-08T02:53:22+00:00,2026-06-08T02:46:02+00:00,departamento,240000,CALLAO,62.595,1814,2898,48.782,419019,390416,39,1045
2026-06-08T02:53:22+00:00,2026-06-08T02:46:02+00:00,departamento,070000,CUSCO,52.975,2110,3983,40.818,462777,431750,33,1840
2026-06-08T02:53:22+00:00,2026-06-08T02:46:02+00:00,departamento,080000,HUANCAVELICA,32.364,412,1273,23.179,78681,74518,4,857
2026-06-08T02:53:22+00:00,2026-06-08T02:46:02+00:00,departamento,090000,HUÁNUCO,46.305,1084,2341,33.576,220434,205772,8,1249
2026-06-08T02:53:22+00:00,2026-06-08T02:46:02+00:00,departamento,100000,ICA,61.605,1505,2443,50.553,360949,340343,11,927
2026-06-08T02:53:22+00:00,2026-06-08T02:46:02+00:00,departamento,110000,JUNÍN,60.607,2237,3691,46.364,492619,461467,17,1437
2026-06-08T02:53:22+00:00,2026-06-08T02:46:02+00:00,departamento,120000,LA LIBERTAD,61.562,3264,5302,47.573,738654,684556,23,2015
2026-06-08T02:53:22+00:00,2026-06-08T02:46:02+00:00,departamento,130000,LAMBAYEQUE,69.721,2503,3590,54.333,571235,527242,9,1078
2026-06-08T02:53:22+00:00,2026-06-08T02:46:02+00:00,departamento,140000,LIMA,54.091,15820,29247,43.025,3722108,3494719,475,12952
2026-06-08T02:53:22+00:00,2026-06-08T02:46:02+00:00,departamento,150000,LORETO,26.845,724,2697,17.707,137392,128282,9,1964
2026-06-08T02:53:22+00:00,2026-06-08T02:46:02+00:00,departamento,160000,MADRE DE DIOS,53.846,273,507,39.628,58482,55456,4,230
2026-06-08T02:53:22+00:00,2026-06-08T02:46:02+00:00,departamento,170000,MOQUEGUA,75.606,437,578,61.915,101929,95908,2,139
2026-06-08T02:53:22+00:00,2026-06-08T02:46:02+00:00,departamento,180000,PASCO,40.773,327,802,28.613,64006,59566,7,468
2026-06-08T02:53:22+00:00,2026-06-08T02:46:02+00:00,departamento,190000,PIURA,54.819,2895,5281,42.863,657551,606020,45,2341
2026-06-08T02:53:22+00:00,2026-06-08T02:46:02+00:00,departamento,200000,PUNO,46.453,1578,3397,37.796,364162,346603,18,1801
2026-06-08T02:53:22+00:00,2026-06-08T02:46:02+00:00,departamento,210000,SAN MARTÍN,47.277,1198,2534,35.466,256633,237237,6,1330
2026-06-08T02:53:22+00:00,2026-06-08T02:46:02+00:00,departamento,220000,TACNA,81.652,850,1041,67.208,203383,191804,12,179
2026-06-08T02:53:22+00:00,2026-06-08T02:46:02+00:00,departamento,230000,TUMBES,83.703,529,632,63.834,115741,106476,3,100
2026-06-08T02:53:22+00:00,2026-06-08T02:46:02+00:00,departamento,250000,UCAYALI,50.959,797,1564,34.646,157269,147459,20,747
2026-06-08T02:54:34+00:00,2026-06-08T02:52:02+00:00,nacional,,PERÚ,53.412,49548,92766,41.083,11226058,10488968,842,42376
2026-06-08T02:54:34+00:00,2026-06-08T02:52:02+00:00,departamento,010000,AMAZONAS,40.454,517,1278,28.895,99759,92890,9,752
2026-06-08T02:54:34+00:00,2026-06-08T02:52:02+00:00,departamento,020000,ÁNCASH,51.354,1783,3472,39.542,384102,351832,27,1662
2026-06-08T02:54:34+00:00,2026-06-08T02:52:02+00:00,departamento,030000,APURÍMAC,36.067,475,1317,27.416,99065,93334,4,838
2026-06-08T02:54:34+00:00,2026-06-08T02:52:02+00:00,departamento,040000,AREQUIPA,73.001,3077,4215,60.138,737612,691168,20,1118
2026-06-08T02:54:34+00:00,2026-06-08T02:52:02+00:00,departamento,050000,AYACUCHO,43.737,831,1900,33.585,174724,165748,11,1058
2026-06-08T02:54:34+00:00,2026-06-08T02:52:02+00:00,departamento,060000,CAJAMARCA,38.608,1637,4240,29.273,350914,323886,9,2594
2026-06-08T02:54:34+00:00,2026-06-08T02:52:02+00:00,departamento,240000,CALLAO,64.493,1869,2898,50.242,431564,402094,39,990
2026-06-08T02:54:34+00:00,2026-06-08T02:52:02+00:00,departamento,070000,CUSCO,54.005,2151,3983,41.594,471572,439944,33,1799
2026-06-08T02:54:34+00:00,2026-06-08T02:52:02+00:00,departamento,080000,HUANCAVELICA,33.857,431,1273,24.114,81855,77540,4,838
2026-06-08T02:54:34+00:00,2026-06-08T02:52:02+00:00,departamento,090000,HUÁNUCO,47.202,1105,2341,34.218,224647,209696,8,1228
2026-06-08T02:54:34+00:00,2026-06-08T02:52:02+00:00,departamento,100000,ICA,61.809,1510,2443,50.728,362196,341504,11,922
2026-06-08T02:54:34+00:00,2026-06-08T02:52:02+00:00,departamento,110000,JUNÍN,60.715,2241,3691,46.44,493421,462222,17,1433
2026-06-08T02:54:34+00:00,2026-06-08T02:52:02+00:00,departamento,120000,LA LIBERTAD,62.222,3299,5302,48.04,745916,691284,23,1980
2026-06-08T02:54:34+00:00,2026-06-08T02:52:02+00:00,departamento,130000,LAMBAYEQUE,70.306,2524,3590,54.797,576107,531806,9,1057
2026-06-08T02:54:34+00:00,2026-06-08T02:52:02+00:00,departamento,140000,LIMA,55.671,16282,29247,44.276,3830288,3596262,490,12475
2026-06-08T02:54:34+00:00,2026-06-08T02:52:02+00:00,departamento,150000,LORETO,27.549,743,2697,18.176,141034,131644,10,1944
2026-06-08T02:54:34+00:00,2026-06-08T02:52:02+00:00,departamento,160000,MADRE DE DIOS,53.846,273,507,39.628,58482,55456,4,230
2026-06-08T02:54:34+00:00,2026-06-08T02:52:02+00:00,departamento,170000,MOQUEGUA,77.163,446,578,63.202,104049,97889,2,130
2026-06-08T02:54:34+00:00,2026-06-08T02:52:02+00:00,departamento,180000,PASCO,41.397,332,802,28.948,64755,60267,7,463
2026-06-08T02:54:34+00:00,2026-06-08T02:52:02+00:00,departamento,190000,PIURA,55.425,2927,5281,43.306,664358,612333,45,2309
2026-06-08T02:54:34+00:00,2026-06-08T02:52:02+00:00,departamento,200000,PUNO,48.543,1649,3397,39.549,381054,362705,19,1729
2026-06-08T02:54:34+00:00,2026-06-08T02:52:02+00:00,departamento,210000,SAN MARTÍN,48.54,1230,2534,36.427,263589,243678,6,1298
2026-06-08T02:54:34+00:00,2026-06-08T02:52:02+00:00,departamento,220000,TACNA,81.94,853,1041,67.449,204110,192499,12,176
2026-06-08T02:54:34+00:00,2026-06-08T02:52:02+00:00,departamento,230000,TUMBES,88.133,557,632,67.199,121844,112164,3,72
2026-06-08T02:54:34+00:00,2026-06-08T02:52:02+00:00,departamento,250000,UCAYALI,51.535,806,1564,35.037,159041,149123,20,738
2026-06-08T02:59:25+00:00,2026-06-08T02:56:02+00:00,nacional,,PERÚ,54.557,50610,92766,41.947,11462218,10709622,873,41283
2026-06-08T02:59:25+00:00,2026-06-08T02:56:02+00:00,departamento,010000,AMAZONAS,40.923,523,1278,29.191,100779,93829,9,746
2026-06-08T02:59:25+00:00,2026-06-08T02:56:02+00:00,departamento,020000,ÁNCASH,53.427,1855,3472,41.042,398673,365266,27,1590
2026-06-08T02:59:25+00:00,2026-06-08T02:56:02+00:00,departamento,030000,APURÍMAC,39.18,516,1317,29.648,107128,100885,4,797
2026-06-08T02:59:25+00:00,2026-06-08T02:56:02+00:00,departamento,040000,AREQUIPA,75.136,3167,4215,61.893,759130,711261,21,1027
2026-06-08T02:59:25+00:00,2026-06-08T02:56:02+00:00,departamento,050000,AYACUCHO,43.947,835,1900,33.731,175480,166443,11,1054
2026-06-08T02:59:25+00:00,2026-06-08T02:56:02+00:00,departamento,060000,CAJAMARCA,38.868,1648,4240,29.456,353115,325919,9,2583
2026-06-08T02:59:25+00:00,2026-06-08T02:56:02+00:00,departamento,240000,CALLAO,65.735,1905,2898,51.186,439674,409680,42,951
2026-06-08T02:59:25+00:00,2026-06-08T02:56:02+00:00,departamento,070000,CUSCO,55.335,2204,3983,42.518,482049,449752,33,1746
2026-06-08T02:59:25+00:00,2026-06-08T02:56:02+00:00,departamento,080000,HUANCAVELICA,35.35,450,1273,25.108,85228,80703,4,819
2026-06-08T02:59:25+00:00,2026-06-08T02:56:02+00:00,departamento,090000,HUÁNUCO,48.526,1136,2341,35.118,230554,215168,8,1197
2026-06-08T02:59:25+00:00,2026-06-08T02:56:02+00:00,departamento,100000,ICA,61.809,1510,2443,50.728,362196,341504,11,922
2026-06-08T02:59:25+00:00,2026-06-08T02:56:02+00:00,departamento,110000,JUNÍN,60.797,2244,3691,46.495,494010,462776,17,1430
2026-06-08T02:59:25+00:00,2026-06-08T02:56:02+00:00,departamento,120000,LA LIBERTAD,62.882,3334,5302,48.507,753164,697942,24,1944
2026-06-08T02:59:25+00:00,2026-06-08T02:56:02+00:00,departamento,130000,LAMBAYEQUE,71.142,2554,3590,55.431,582769,537939,9,1027
2026-06-08T02:59:25+00:00,2026-06-08T02:56:02+00:00,departamento,140000,LIMA,57.356,16775,29247,45.606,3945377,3704078,513,11959
2026-06-08T02:59:25+00:00,2026-06-08T02:56:02+00:00,departamento,150000,LORETO,27.697,747,2697,18.251,141616,132194,10,1940
2026-06-08T02:59:25+00:00,2026-06-08T02:56:02+00:00,departamento,160000,MADRE DE DIOS,53.846,273,507,39.628,58482,55456,4,230
2026-06-08T02:59:25+00:00,2026-06-08T02:56:02+00:00,departamento,170000,MOQUEGUA,79.412,459,578,65.088,107153,100785,2,117
2026-06-08T02:59:25+00:00,2026-06-08T02:56:02+00:00,departamento,180000,PASCO,41.397,332,802,28.948,64755,60267,7,463
2026-06-08T02:59:25+00:00,2026-06-08T02:56:02+00:00,departamento,190000,PIURA,55.823,2948,5281,43.607,668963,616564,47,2286
2026-06-08T02:59:25+00:00,2026-06-08T02:56:02+00:00,departamento,200000,PUNO,50.368,1711,3397,41.028,395303,376308,20,1666
2026-06-08T02:59:25+00:00,2026-06-08T02:56:02+00:00,departamento,210000,SAN MARTÍN,49.013,1242,2534,36.774,266098,246012,6,1286
2026-06-08T02:59:25+00:00,2026-06-08T02:56:02+00:00,departamento,220000,TACNA,81.94,853,1041,67.449,204110,192499,12,176
2026-06-08T02:59:25+00:00,2026-06-08T02:56:02+00:00,departamento,230000,TUMBES,91.456,578,632,69.767,126499,116504,3,51
2026-06-08T02:59:25+00:00,2026-06-08T02:56:02+00:00,departamento,250000,UCAYALI,51.854,811,1564,35.229,159913,149888,20,733
2026-06-08T03:04:15+00:00,2026-06-08T03:02:02+00:00,nacional,,PERÚ,55.479,51466,92766,42.643,11652303,10887813,890,40410
2026-06-08T03:04:15+00:00,2026-06-08T03:02:02+00:00,departamento,010000,AMAZONAS,41.08,525,1278,29.322,101233,94248,9,744
2026-06-08T03:04:15+00:00,2026-06-08T03:02:02+00:00,departamento,020000,ÁNCASH,54.724,1900,3472,42.004,408020,373859,27,1545
2026-06-08T03:04:15+00:00,2026-06-08T03:02:02+00:00,departamento,030000,APURÍMAC,39.863,525,1317,30.208,109153,102785,4,788
2026-06-08T03:04:15+00:00,2026-06-08T03:02:02+00:00,departamento,040000,AREQUIPA,75.35,3176,4215,62.073,761335,713339,21,1018
2026-06-08T03:04:15+00:00,2026-06-08T03:02:02+00:00,departamento,050000,AYACUCHO,44.158,839,1900,33.82,175944,166871,11,1050
2026-06-08T03:04:15+00:00,2026-06-08T03:02:02+00:00,departamento,060000,CAJAMARCA,39.693,1683,4240,29.957,359114,331516,9,2548
2026-06-08T03:04:15+00:00,2026-06-08T03:02:02+00:00,departamento,240000,CALLAO,66.77,1935,2898,51.943,446174,415756,43,920
2026-06-08T03:04:15+00:00,2026-06-08T03:02:02+00:00,departamento,070000,CUSCO,55.963,2229,3983,42.952,486973,454423,33,1721
2026-06-08T03:04:15+00:00,2026-06-08T03:02:02+00:00,departamento,080000,HUANCAVELICA,35.507,452,1273,25.185,85489,80939,4,817
2026-06-08T03:04:15+00:00,2026-06-08T03:02:02+00:00,departamento,090000,HUÁNUCO,49.893,1168,2341,36.025,236508,220735,8,1165
2026-06-08T03:04:15+00:00,2026-06-08T03:02:02+00:00,departamento,100000,ICA,62.669,1531,2443,51.413,367086,346141,11,901
2026-06-08T03:04:15+00:00,2026-06-08T03:02:02+00:00,departamento,110000,JUNÍN,61.23,2260,3691,46.799,497243,465820,17,1414
2026-06-08T03:04:15+00:00,2026-06-08T03:02:02+00:00,departamento,120000,LA LIBERTAD,63.599,3372,5302,49.056,761681,705874,24,1906
2026-06-08T03:04:15+00:00,2026-06-08T03:02:02+00:00,departamento,130000,LAMBAYEQUE,71.504,2567,3590,55.697,585572,540523,9,1014
2026-06-08T03:04:15+00:00,2026-06-08T03:02:02+00:00,departamento,140000,LIMA,58.854,17213,29247,46.807,4049288,3801622,529,11505
2026-06-08T03:04:15+00:00,2026-06-08T03:02:02+00:00,departamento,150000,LORETO,28.328,764,2697,18.671,144871,135226,10,1923
2026-06-08T03:04:15+00:00,2026-06-08T03:02:02+00:00,departamento,160000,MADRE DE DIOS,53.846,273,507,39.628,58482,55456,4,230
2026-06-08T03:04:15+00:00,2026-06-08T03:02:02+00:00,departamento,170000,MOQUEGUA,79.412,459,578,65.088,107153,100785,2,117
2026-06-08T03:04:15+00:00,2026-06-08T03:02:02+00:00,departamento,180000,PASCO,41.397,332,802,28.948,64755,60267,7,463
2026-06-08T03:04:15+00:00,2026-06-08T03:02:02+00:00,departamento,190000,PIURA,56.504,2984,5281,44.109,676667,623691,47,2250
2026-06-08T03:04:15+00:00,2026-06-08T03:02:02+00:00,departamento,200000,PUNO,52.016,1767,3397,42.311,407660,388161,20,1610
2026-06-08T03:04:15+00:00,2026-06-08T03:02:02+00:00,departamento,210000,SAN MARTÍN,49.763,1261,2534,37.257,269593,249231,6,1267
2026-06-08T03:04:15+00:00,2026-06-08T03:02:02+00:00,departamento,220000,TACNA,81.94,853,1041,67.449,204110,192499,12,176
2026-06-08T03:04:15+00:00,2026-06-08T03:02:02+00:00,departamento,230000,TUMBES,92.405,584,632,70.48,127793,117723,3,45
2026-06-08T03:04:15+00:00,2026-06-08T03:02:02+00:00,departamento,250000,UCAYALI,52.046,814,1564,35.337,160406,150323,20,730
2026-06-08T03:09:04+00:00,2026-06-08T03:08:01+00:00,nacional,,PERÚ,56.204,52138,92766,43.184,11800219,11026064,902,39726
2026-06-08T03:09:04+00:00,2026-06-08T03:08:01+00:00,departamento,010000,AMAZONAS,41.315,528,1278,29.47,101742,94708,9,741
2026-06-08T03:09:04+00:00,2026-06-08T03:08:01+00:00,departamento,020000,ÁNCASH,56.567,1964,3472,43.412,421699,386280,28,1480
2026-06-08T03:09:04+00:00,2026-06-08T03:08:01+00:00,departamento,030000,APURÍMAC,40.623,535,1317,30.718,110996,104532,4,778
2026-06-08T03:09:04+00:00,2026-06-08T03:08:01+00:00,departamento,040000,AREQUIPA,75.35,3176,4215,62.073,761335,713339,21,1018
2026-06-08T03:09:04+00:00,2026-06-08T03:06:01+00:00,departamento,050000,AYACUCHO,44.263,841,1900,33.883,176271,167183,11,1048
2026-06-08T03:09:04+00:00,2026-06-08T03:08:01+00:00,departamento,060000,CAJAMARCA,40.118,1701,4240,30.251,362642,334829,9,2530
2026-06-08T03:09:04+00:00,2026-06-08T03:08:01+00:00,departamento,240000,CALLAO,68.185,1976,2898,52.979,455074,423997,46,876
2026-06-08T03:09:04+00:00,2026-06-08T03:08:01+00:00,departamento,070000,CUSCO,56.365,2245,3983,43.225,490069,457357,33,1705
2026-06-08T03:09:04+00:00,2026-06-08T03:08:01+00:00,departamento,080000,HUANCAVELICA,35.821,456,1273,25.367,86108,81527,4,813
2026-06-08T03:09:04+00:00,2026-06-08T03:08:01+00:00,departamento,090000,HUÁNUCO,51.474,1205,2341,36.9,242258,226101,8,1128
2026-06-08T03:09:04+00:00,2026-06-08T03:08:01+00:00,departamento,100000,ICA,63.447,1550,2443,52.014,371376,350161,11,882
2026-06-08T03:09:04+00:00,2026-06-08T03:08:01+00:00,departamento,110000,JUNÍN,61.799,2281,3691,47.257,502106,470406,17,1393
2026-06-08T03:09:04+00:00,2026-06-08T03:08:01+00:00,departamento,120000,LA LIBERTAD,63.655,3375,5302,49.095,762291,706442,24,1903
2026-06-08T03:09:04+00:00,2026-06-08T03:08:01+00:00,departamento,130000,LAMBAYEQUE,71.894,2581,3590,55.99,588649,543366,9,1000
2026-06-08T03:09:04+00:00,2026-06-08T03:08:01+00:00,departamento,140000,LIMA,60.105,17579,29247,47.788,4134144,3881356,537,11131
2026-06-08T03:09:04+00:00,2026-06-08T03:08:01+00:00,departamento,150000,LORETO,28.699,774,2697,18.93,146883,137105,10,1913
2026-06-08T03:09:04+00:00,2026-06-08T03:08:01+00:00,departamento,160000,MADRE DE DIOS,53.846,273,507,39.628,58482,55456,4,230
2026-06-08T03:09:04+00:00,2026-06-08T03:08:01+00:00,departamento,170000,MOQUEGUA,80.796,467,578,66.279,109114,102637,2,109
2026-06-08T03:09:04+00:00,2026-06-08T03:08:01+00:00,departamento,180000,PASCO,41.397,332,802,28.948,64755,60267,7,463
2026-06-08T03:09:04+00:00,2026-06-08T03:08:01+00:00,departamento,190000,PIURA,56.864,3003,5281,44.39,680975,627598,47,2231
2026-06-08T03:09:04+00:00,2026-06-08T03:08:01+00:00,departamento,200000,PUNO,52.487,1783,3397,42.67,411117,391423,20,1594
2026-06-08T03:09:04+00:00,2026-06-08T03:08:01+00:00,departamento,210000,SAN MARTÍN,49.763,1261,2534,37.257,269593,249231,6,1267
2026-06-08T03:09:04+00:00,2026-06-08T03:08:01+00:00,departamento,220000,TACNA,81.94,853,1041,67.449,204110,192499,12,176
2026-06-08T03:09:04+00:00,2026-06-08T03:06:01+00:00,departamento,230000,TUMBES,92.405,584,632,70.48,127793,117723,3,45
2026-06-08T03:09:04+00:00,2026-06-08T03:08:01+00:00,departamento,250000,UCAYALI,52.11,815,1564,35.388,160637,150541,20,729
2026-06-08T03:13:57+00:00,2026-06-08T03:12:01+00:00,nacional,,PERÚ,56.921,52803,92766,43.709,11943730,11160439,918,39045
2026-06-08T03:13:57+00:00,2026-06-08T03:12:01+00:00,departamento,010000,AMAZONAS,41.706,533,1278,29.68,102470,95401,9,736
2026-06-08T03:13:57+00:00,2026-06-08T03:12:01+00:00,departamento,020000,ÁNCASH,57.604,2000,3472,44.199,429338,393211,28,1444
2026-06-08T03:13:57+00:00,2026-06-08T03:12:01+00:00,departamento,030000,APURÍMAC,41.078,541,1317,30.989,111974,105463,4,772
2026-06-08T03:13:57+00:00,2026-06-08T03:12:01+00:00,departamento,040000,AREQUIPA,75.991,3203,4215,62.601,767814,719377,21,991
2026-06-08T03:13:57+00:00,2026-06-08T03:12:01+00:00,departamento,050000,AYACUCHO,44.368,843,1900,33.948,176611,167502,11,1046
2026-06-08T03:13:57+00:00,2026-06-08T03:12:01+00:00,departamento,060000,CAJAMARCA,40.66,1724,4240,30.555,366290,338175,9,2507
2026-06-08T03:13:57+00:00,2026-06-08T03:12:01+00:00,departamento,240000,CALLAO,68.979,1999,2898,53.583,460260,428896,46,853
2026-06-08T03:13:57+00:00,2026-06-08T03:12:01+00:00,departamento,070000,CUSCO,57.118,2275,3983,43.778,496340,463304,33,1675
2026-06-08T03:13:57+00:00,2026-06-08T03:12:01+00:00,departamento,080000,HUANCAVELICA,36.292,462,1273,25.576,86816,82194,4,807
2026-06-08T03:13:57+00:00,2026-06-08T03:12:01+00:00,departamento,090000,HUÁNUCO,52.584,1231,2341,37.581,246728,230287,9,1101
2026-06-08T03:13:57+00:00,2026-06-08T03:12:01+00:00,departamento,100000,ICA,63.979,1563,2443,52.445,374454,353053,11,869
2026-06-08T03:13:57+00:00,2026-06-08T03:12:01+00:00,departamento,110000,JUNÍN,61.907,2285,3691,47.328,502858,471110,17,1389
2026-06-08T03:13:57+00:00,2026-06-08T03:12:01+00:00,departamento,120000,LA LIBERTAD,63.844,3385,5302,49.226,764322,708222,25,1892
2026-06-08T03:13:57+00:00,2026-06-08T03:12:01+00:00,departamento,130000,LAMBAYEQUE,72.368,2598,3590,56.36,592538,546938,10,982
2026-06-08T03:13:57+00:00,2026-06-08T03:12:01+00:00,departamento,140000,LIMA,61.138,17881,29247,48.596,4204051,3947042,547,10819
2026-06-08T03:13:57+00:00,2026-06-08T03:12:01+00:00,departamento,150000,LORETO,29.477,795,2697,19.457,150971,140926,10,1892
2026-06-08T03:13:57+00:00,2026-06-08T03:12:01+00:00,departamento,160000,MADRE DE DIOS,57.594,292,507,42.236,62330,59139,4,211
2026-06-08T03:13:57+00:00,2026-06-08T03:12:01+00:00,departamento,170000,MOQUEGUA,81.142,469,578,66.563,109582,103083,2,107
2026-06-08T03:13:57+00:00,2026-06-08T03:12:01+00:00,departamento,180000,PASCO,41.646,334,802,29.112,65123,60616,7,461
2026-06-08T03:13:57+00:00,2026-06-08T03:12:01+00:00,departamento,190000,PIURA,57.035,3012,5281,44.526,683069,629512,48,2221
2026-06-08T03:13:57+00:00,2026-06-08T03:12:01+00:00,departamento,200000,PUNO,53.577,1820,3397,43.437,418511,398514,20,1557
2026-06-08T03:13:57+00:00,2026-06-08T03:12:01+00:00,departamento,210000,SAN MARTÍN,50.197,1272,2534,37.545,271680,251160,7,1255
2026-06-08T03:13:57+00:00,2026-06-08T03:12:01+00:00,departamento,220000,TACNA,81.94,853,1041,67.449,204110,192499,12,176
2026-06-08T03:13:57+00:00,2026-06-08T03:12:01+00:00,departamento,230000,TUMBES,92.405,584,632,70.48,127793,117723,3,45
2026-06-08T03:13:57+00:00,2026-06-08T03:12:01+00:00,departamento,250000,UCAYALI,54.284,849,1564,36.944,167697,157092,21,694
2026-06-08T03:18:48+00:00,2026-06-08T03:18:02+00:00,nacional,,PERÚ,57.789,53609,92766,44.357,12120692,11326065,936,38221
2026-06-08T03:18:48+00:00,2026-06-08T03:18:02+00:00,departamento,010000,AMAZONAS,42.488,543,1278,30.163,104135,96975,9,726
2026-06-08T03:18:48+00:00,2026-06-08T03:18:02+00:00,departamento,020000,ÁNCASH,59.073,2051,3472,45.246,439512,402481,28,1393
2026-06-08T03:18:48+00:00,2026-06-08T03:18:02+00:00,departamento,030000,APURÍMAC,42.369,558,1317,31.723,114627,107976,4,755
2026-06-08T03:18:48+00:00,2026-06-08T03:18:02+00:00,departamento,040000,AREQUIPA,77.058,3248,4215,63.471,778487,729316,22,945
2026-06-08T03:18:48+00:00,2026-06-08T03:18:02+00:00,departamento,050000,AYACUCHO,45.316,861,1900,34.652,180274,170981,11,1028
2026-06-08T03:18:48+00:00,2026-06-08T03:18:02+00:00,departamento,060000,CAJAMARCA,40.943,1736,4240,30.726,368336,340032,9,2495
2026-06-08T03:18:48+00:00,2026-06-08T03:18:02+00:00,departamento,240000,CALLAO,69.6,2017,2898,54.043,464216,432548,47,834
2026-06-08T03:18:48+00:00,2026-06-08T03:18:02+00:00,departamento,070000,CUSCO,58.222,2319,3983,44.625,505936,472260,34,1630
2026-06-08T03:18:48+00:00,2026-06-08T03:18:02+00:00,departamento,080000,HUANCAVELICA,36.685,467,1273,25.779,87506,82868,4,802
2026-06-08T03:18:48+00:00,2026-06-08T03:18:02+00:00,departamento,090000,HUÁNUCO,53.268,1247,2341,38.035,249708,233057,9,1085
2026-06-08T03:18:48+00:00,2026-06-08T03:18:02+00:00,departamento,100000,ICA,64.224,1569,2443,52.645,375881,354404,11,863
2026-06-08T03:18:48+00:00,2026-06-08T03:18:02+00:00,departamento,110000,JUNÍN,62.151,2294,3691,47.508,504774,472914,17,1380
2026-06-08T03:18:48+00:00,2026-06-08T03:18:02+00:00,departamento,120000,LA LIBERTAD,64.164,3402,5302,49.47,768113,711726,25,1875
2026-06-08T03:18:48+00:00,2026-06-08T03:16:01+00:00,departamento,130000,LAMBAYEQUE,72.479,2602,3590,56.451,593499,547820,10,978
2026-06-08T03:18:48+00:00,2026-06-08T03:18:02+00:00,departamento,140000,LIMA,62.406,18252,29247,49.599,4290855,4028636,559,10436
2026-06-08T03:18:48+00:00,2026-06-08T03:18:02+00:00,departamento,150000,LORETO,30.849,832,2697,20.364,158008,147477,12,1853
2026-06-08T03:18:48+00:00,2026-06-08T03:18:02+00:00,departamento,160000,MADRE DE DIOS,58.383,296,507,42.755,63096,59877,4,207
2026-06-08T03:18:48+00:00,2026-06-08T03:18:02+00:00,departamento,170000,MOQUEGUA,81.142,469,578,66.563,109582,103083,2,107
2026-06-08T03:18:48+00:00,2026-06-08T03:18:02+00:00,departamento,180000,PASCO,41.646,334,802,29.112,65123,60616,7,461
2026-06-08T03:18:48+00:00,2026-06-08T03:18:02+00:00,departamento,190000,PIURA,57.641,3044,5281,44.963,689775,635725,48,2189
2026-06-08T03:18:48+00:00,2026-06-08T03:18:02+00:00,departamento,200000,PUNO,55.107,1872,3397,44.68,430485,409901,20,1505
2026-06-08T03:18:48+00:00,2026-06-08T03:16:01+00:00,departamento,210000,SAN MARTÍN,50.75,1286,2534,37.919,274381,253687,7,1241
2026-06-08T03:18:48+00:00,2026-06-08T03:18:02+00:00,departamento,220000,TACNA,81.94,853,1041,67.449,204110,192499,12,176
2026-06-08T03:18:48+00:00,2026-06-08T03:18:02+00:00,departamento,230000,TUMBES,92.405,584,632,70.48,127793,117723,4,44
2026-06-08T03:18:48+00:00,2026-06-08T03:18:02+00:00,departamento,250000,UCAYALI,55.818,873,1564,37.997,172480,161483,21,670
2026-06-08T03:23:38+00:00,2026-06-08T03:22:01+00:00,departamento,190000,PIURA,57.925,3059,5281,45.182,693128,638692,48,2174
2026-06-08T03:23:45+00:00,2026-06-08T03:22:01+00:00,departamento,050000,AYACUCHO,45.842,871,1900,35.03,182238,172863,11,1018
2026-06-08T03:23:38+00:00,2026-06-08T03:22:01+00:00,departamento,200000,PUNO,57.109,1940,3397,46.206,445188,423882,20,1437
2026-06-08T03:23:39+00:00,2026-06-08T03:22:01+00:00,departamento,170000,MOQUEGUA,81.142,469,578,66.563,109582,103083,2,107
2026-06-08T03:23:45+00:00,2026-06-08T03:22:01+00:00,departamento,060000,CAJAMARCA,41.108,1743,4240,30.824,369508,341126,9,2488
2026-06-08T03:23:39+00:00,2026-06-08T03:22:01+00:00,departamento,180000,PASCO,41.646,334,802,29.112,65123,60616,7,461
2026-06-08T03:23:38+00:00,2026-06-08T03:22:01+00:00,departamento,210000,SAN MARTÍN,51.144,1296,2534,38.2,276415,255592,7,1231
2026-06-08T03:23:45+00:00,2026-06-08T03:22:01+00:00,departamento,240000,CALLAO,70.186,2034,2898,54.481,467978,436038,48,816
2026-06-08T03:23:38+00:00,2026-06-08T03:22:01+00:00,departamento,220000,TACNA,81.94,853,1041,67.449,204110,192499,12,176
2026-06-08T03:23:45+00:00,2026-06-08T03:22:01+00:00,departamento,070000,CUSCO,58.674,2337,3983,44.949,509615,475738,34,1612
2026-06-08T03:23:45+00:00,2026-06-08T03:22:01+00:00,departamento,080000,HUANCAVELICA,38.02,484,1273,26.665,90515,85734,4,785
2026-06-08T03:23:38+00:00,2026-06-08T03:22:01+00:00,departamento,230000,TUMBES,92.405,584,632,70.48,127793,117723,4,44
2026-06-08T03:23:45+00:00,2026-06-08T03:22:01+00:00,departamento,090000,HUÁNUCO,53.439,1251,2341,38.122,250279,233594,9,1081
2026-06-08T03:23:38+00:00,2026-06-08T03:22:01+00:00,departamento,250000,UCAYALI,56.714,887,1564,38.588,175164,163910,21,656
2026-06-08T03:23:45+00:00,2026-06-08T03:22:01+00:00,departamento,100000,ICA,64.838,1584,2443,53.15,379486,357797,11,848
2026-06-08T03:23:45+00:00,2026-06-08T03:22:01+00:00,departamento,110000,JUNÍN,62.178,2295,3691,47.532,505027,473151,17,1379
2026-06-08T03:23:45+00:00,2026-06-08T03:22:01+00:00,departamento,120000,LA LIBERTAD,64.221,3405,5302,49.516,768825,712352,25,1872
2026-06-08T03:23:45+00:00,2026-06-08T03:22:01+00:00,departamento,130000,LAMBAYEQUE,72.479,2602,3590,56.451,593499,547820,10,978
2026-06-08T03:23:45+00:00,2026-06-08T03:22:01+00:00,departamento,140000,LIMA,64.041,18730,29247,50.902,4403565,4134498,573,9944
2026-06-08T03:23:45+00:00,2026-06-08T03:22:01+00:00,departamento,150000,LORETO,32.147,867,2697,21.269,165029,154068,12,1818
2026-06-08T03:23:45+00:00,2026-06-08T03:22:01+00:00,departamento,160000,MADRE DE DIOS,58.383,296,507,42.755,63096,59877,4,207
2026-06-08T03:24:51+00:00,2026-06-08T03:22:01+00:00,nacional,,PERÚ,58.646,54404,92766,45.01,12299285,11493608,953,37409
2026-06-08T03:24:51+00:00,2026-06-08T03:22:01+00:00,departamento,010000,AMAZONAS,44.523,569,1278,31.504,108766,101333,10,699
2026-06-08T03:24:51+00:00,2026-06-08T03:22:01+00:00,departamento,020000,ÁNCASH,59.706,2073,3472,45.706,443978,406575,29,1370
2026-06-08T03:24:51+00:00,2026-06-08T03:22:01+00:00,departamento,020000,ÁNCASH,59.706,2073,3472,45.706,443978,406575,29,1370
2026-06-08T03:24:51+00:00,2026-06-08T03:22:01+00:00,departamento,030000,APURÍMAC,42.445,559,1317,31.76,114760,108101,4,754
2026-06-08T03:24:51+00:00,2026-06-08T03:22:01+00:00,departamento,040000,AREQUIPA,77.865,3282,4215,64.134,786618,736946,22,911
2026-06-08T03:48:06+00:00,2026-06-08T03:42:01+00:00,nacional,,PERÚ,62.182,57684,92766,47.647,13019761,12169152,1046,34036
2026-06-08T03:48:06+00:00,2026-06-08T03:42:01+00:00,departamento,010000,AMAZONAS,46.009,588,1278,32.438,111990,104357,10,680
2026-06-08T03:48:06+00:00,2026-06-08T03:42:01+00:00,departamento,020000,ÁNCASH,64.084,2225,3472,48.642,472505,432620,31,1216
2026-06-08T03:48:06+00:00,2026-06-08T03:42:01+00:00,departamento,030000,APURÍMAC,47.456,625,1317,35.026,126564,119255,5,687
2026-06-08T03:48:06+00:00,2026-06-08T03:42:01+00:00,departamento,040000,AREQUIPA,79.881,3367,4215,65.746,806387,755582,22,826
2026-06-08T03:48:06+00:00,2026-06-08T03:42:01+00:00,departamento,050000,AYACUCHO,46.368,881,1900,35.321,183753,174299,12,1007
2026-06-08T03:48:06+00:00,2026-06-08T03:42:01+00:00,departamento,060000,CAJAMARCA,43.726,1854,4240,32.438,388857,359248,10,2376
2026-06-08T03:48:06+00:00,2026-06-08T03:42:01+00:00,departamento,240000,CALLAO,73.81,2139,2898,57.15,490898,457487,48,711
2026-06-08T03:48:06+00:00,2026-06-08T03:42:01+00:00,departamento,070000,CUSCO,60.608,2414,3983,46.474,526897,491853,34,1535
2026-06-08T03:48:06+00:00,2026-06-08T03:42:01+00:00,departamento,080000,HUANCAVELICA,40.534,516,1273,28.223,95802,90734,4,753
2026-06-08T03:48:06+00:00,2026-06-08T03:42:01+00:00,departamento,090000,HUÁNUCO,55.446,1298,2341,39.417,258778,241516,12,1031
2026-06-08T03:48:06+00:00,2026-06-08T03:42:01+00:00,departamento,100000,ICA,68.645,1677,2443,56.236,401526,378526,12,754
2026-06-08T03:48:06+00:00,2026-06-08T03:42:01+00:00,departamento,110000,JUNÍN,64.779,2391,3691,49.41,524981,491890,18,1282
2026-06-08T03:48:06+00:00,2026-06-08T03:42:01+00:00,departamento,120000,LA LIBERTAD,65.353,3465,5302,50.243,780114,722829,25,1812
2026-06-08T03:48:06+00:00,2026-06-08T03:42:01+00:00,departamento,130000,LAMBAYEQUE,74.708,2682,3590,58.159,611453,564432,10,898
2026-06-08T03:48:06+00:00,2026-06-08T03:42:01+00:00,departamento,140000,LIMA,69.884,20439,29247,55.513,4802410,4508910,648,8160
2026-06-08T03:48:06+00:00,2026-06-08T03:42:01+00:00,departamento,150000,LORETO,36.448,983,2697,24.214,187882,175384,13,1701
2026-06-08T03:48:06+00:00,2026-06-08T03:42:01+00:00,departamento,160000,MADRE DE DIOS,59.961,304,507,43.864,64733,61436,4,199
2026-06-08T03:48:06+00:00,2026-06-08T03:42:01+00:00,departamento,170000,MOQUEGUA,83.218,481,578,68.122,112148,105498,2,95
2026-06-08T03:48:06+00:00,2026-06-08T03:42:01+00:00,departamento,180000,PASCO,44.514,357,802,30.701,68676,64024,7,438
2026-06-08T03:48:06+00:00,2026-06-08T03:42:01+00:00,departamento,190000,PIURA,59.591,3147,5281,46.435,712360,656436,49,2085
2026-06-08T03:48:06+00:00,2026-06-08T03:42:01+00:00,departamento,200000,PUNO,61.113,2076,3397,49.332,475309,452619,22,1299
2026-06-08T03:48:06+00:00,2026-06-08T03:42:01+00:00,departamento,210000,SAN MARTÍN,53.157,1347,2534,39.643,286857,265361,7,1180
2026-06-08T03:48:06+00:00,2026-06-08T03:42:01+00:00,departamento,220000,TACNA,84.63,881,1041,69.705,210938,199039,13,147
2026-06-08T03:48:06+00:00,2026-06-08T03:42:01+00:00,departamento,230000,TUMBES,94.62,598,632,72.096,130722,120513,4,30
2026-06-08T03:48:06+00:00,2026-06-08T03:42:01+00:00,departamento,250000,UCAYALI,60.678,949,1564,41.245,187221,175304,24,591
2026-06-08T03:58:37+00:00,2026-06-08T03:52:01+00:00,nacional,,PERÚ,63.856,59237,92766,48.874,13355072,12483111,1099,32430
2026-06-08T03:58:37+00:00,2026-06-08T03:52:01+00:00,departamento,010000,AMAZONAS,49.609,634,1278,34.532,119221,111114,10,634
2026-06-08T03:58:37+00:00,2026-06-08T03:52:01+00:00,departamento,020000,ÁNCASH,65.294,2267,3472,49.448,480329,439794,31,1174
2026-06-08T03:58:37+00:00,2026-06-08T03:52:01+00:00,departamento,030000,APURÍMAC,49.127,647,1317,36.168,130690,123169,5,665
2026-06-08T03:58:37+00:00,2026-06-08T03:52:01+00:00,departamento,040000,AREQUIPA,81.02,3415,4215,66.683,817886,766333,22,778
2026-06-08T03:58:37+00:00,2026-06-08T03:52:01+00:00,departamento,050000,AYACUCHO,47.789,908,1900,36.244,188557,178860,12,980
2026-06-08T03:58:37+00:00,2026-06-08T03:52:01+00:00,departamento,060000,CAJAMARCA,44.505,1887,4240,32.94,394873,364679,10,2343
2026-06-08T03:58:37+00:00,2026-06-08T03:52:01+00:00,departamento,240000,CALLAO,76.915,2229,2898,59.353,509819,475094,49,620
2026-06-08T03:58:37+00:00,2026-06-08T03:52:01+00:00,departamento,070000,CUSCO,61.386,2445,3983,47.043,533354,497829,34,1504
2026-06-08T03:58:37+00:00,2026-06-08T03:52:01+00:00,departamento,080000,HUANCAVELICA,42.655,543,1273,29.546,100294,94972,5,725
2026-06-08T03:58:37+00:00,2026-06-08T03:52:01+00:00,departamento,090000,HUÁNUCO,56.941,1333,2341,40.186,263825,246283,12,996
2026-06-08T03:58:37+00:00,2026-06-08T03:52:01+00:00,departamento,100000,ICA,69.873,1707,2443,57.233,408644,385248,13,723
2026-06-08T03:58:37+00:00,2026-06-08T03:52:01+00:00,departamento,110000,JUNÍN,66.025,2437,3691,50.265,534061,500314,18,1236
2026-06-08T03:58:37+00:00,2026-06-08T03:52:01+00:00,departamento,120000,LA LIBERTAD,65.862,3492,5302,50.578,785316,727527,25,1785
2026-06-08T03:58:37+00:00,2026-06-08T03:52:01+00:00,departamento,130000,LAMBAYEQUE,74.93,2690,3590,58.318,613131,565962,10,890
2026-06-08T03:58:37+00:00,2026-06-08T03:52:01+00:00,departamento,140000,LIMA,72.667,21253,29247,57.678,4989778,4685052,698,7296
2026-06-08T03:58:37+00:00,2026-06-08T03:52:01+00:00,departamento,150000,LORETO,37.041,999,2697,24.599,190867,178192,13,1685
2026-06-08T03:58:37+00:00,2026-06-08T03:52:01+00:00,departamento,160000,MADRE DE DIOS,60.158,305,507,44.007,64944,61638,4,198
2026-06-08T03:58:37+00:00,2026-06-08T03:52:01+00:00,departamento,170000,MOQUEGUA,83.391,482,578,68.265,112384,105717,2,94
2026-06-08T03:58:37+00:00,2026-06-08T03:58:00+00:00,departamento,180000,PASCO,45.636,366,802,31.453,70359,65624,7,429
2026-06-08T03:58:37+00:00,2026-06-08T03:58:00+00:00,departamento,190000,PIURA,60.973,3220,5281,47.499,728679,671316,49,2012
2026-06-08T03:58:37+00:00,2026-06-08T03:58:00+00:00,departamento,200000,PUNO,64.057,2176,3397,51.593,497091,473448,22,1199
2026-06-08T03:58:37+00:00,2026-06-08T03:58:00+00:00,departamento,210000,SAN MARTÍN,55.525,1407,2534,41.342,299155,276717,7,1120
2026-06-08T03:58:37+00:00,2026-06-08T03:56:01+00:00,departamento,220000,TACNA,85.591,891,1041,70.4,213042,201040,13,137
2026-06-08T03:58:37+00:00,2026-06-08T03:58:00+00:00,departamento,230000,TUMBES,96.994,613,632,74.049,134263,123836,4,15
2026-06-08T03:58:37+00:00,2026-06-08T03:58:00+00:00,departamento,250000,UCAYALI,61.189,957,1564,41.581,188749,176720,24,583
2026-06-08T03:59:39+00:00,2026-06-08T03:56:01+00:00,nacional,,PERÚ,64.667,59989,92766,49.473,13518682,12636144,1120,31657
2026-06-08T03:59:39+00:00,2026-06-08T03:56:01+00:00,departamento,010000,AMAZONAS,50.391,644,1278,34.919,120555,112362,10,624
2026-06-08T03:59:39+00:00,2026-06-08T03:56:01+00:00,departamento,020000,ÁNCASH,65.899,2288,3472,49.809,483838,442950,31,1153
2026-06-08T03:59:39+00:00,2026-06-08T03:56:01+00:00,departamento,030000,APURÍMAC,50.19,661,1317,36.819,133040,125403,5,651
2026-06-08T03:59:39+00:00,2026-06-08T03:56:01+00:00,departamento,040000,AREQUIPA,81.281,3426,4215,66.896,820495,768795,22,767
2026-06-08T03:59:39+00:00,2026-06-08T03:56:01+00:00,departamento,050000,AYACUCHO,47.895,910,1900,36.312,188909,179196,12,978
2026-06-08T03:59:39+00:00,2026-06-08T03:56:01+00:00,departamento,060000,CAJAMARCA,45.024,1909,4240,33.277,398912,368450,10,2321
2026-06-08T03:59:39+00:00,2026-06-08T03:56:01+00:00,departamento,240000,CALLAO,78.468,2274,2898,60.524,519884,484402,49,575
2026-06-08T03:59:39+00:00,2026-06-08T03:56:01+00:00,departamento,070000,CUSCO,61.637,2455,3983,47.213,535281,499617,34,1494
2026-06-08T03:59:39+00:00,2026-06-08T03:56:01+00:00,departamento,080000,HUANCAVELICA,43.362,552,1273,29.951,101667,96276,5,716
2026-06-08T03:59:39+00:00,2026-06-08T03:56:01+00:00,departamento,090000,HUÁNUCO,57.198,1339,2341,40.259,264309,246739,12,990
2026-06-08T03:59:39+00:00,2026-06-08T03:56:01+00:00,departamento,100000,ICA,71.388,1744,2443,58.426,417161,393224,13,686
2026-06-08T03:59:39+00:00,2026-06-08T03:56:01+00:00,departamento,110000,JUNÍN,66.351,2449,3691,50.485,536405,502507,18,1224
2026-06-08T03:59:39+00:00,2026-06-08T03:56:01+00:00,departamento,120000,LA LIBERTAD,66.201,3510,5302,50.806,788853,730668,25,1767
2026-06-08T03:59:39+00:00,2026-06-08T03:56:01+00:00,departamento,130000,LAMBAYEQUE,74.93,2690,3590,58.318,613131,565962,10,890
2026-06-08T03:59:39+00:00,2026-06-08T03:56:01+00:00,departamento,140000,LIMA,74.206,21703,29247,58.872,5093034,4781897,718,6826
2026-06-08T03:59:39+00:00,2026-06-08T03:56:01+00:00,departamento,150000,LORETO,37.746,1018,2697,25.072,194542,181640,14,1665
2026-06-08T03:59:39+00:00,2026-06-08T03:56:01+00:00,departamento,160000,MADRE DE DIOS,60.158,305,507,44.007,64944,61638,4,198
2026-06-08T03:59:39+00:00,2026-06-08T03:56:01+00:00,departamento,170000,MOQUEGUA,83.391,482,578,68.265,112384,105717,2,94
2026-06-08T04:04:30+00:00,2026-06-08T04:02:01+00:00,nacional,,PERÚ,65.433,60700,92766,50.037,13672875,12781100,1138,30928
2026-06-08T04:04:30+00:00,2026-06-08T04:02:01+00:00,departamento,010000,AMAZONAS,50.626,647,1278,35.019,120900,112682,10,621
2026-06-08T04:04:30+00:00,2026-06-08T04:02:01+00:00,departamento,020000,ÁNCASH,66.532,2310,3472,50.14,487049,445949,31,1131
2026-06-08T04:04:30+00:00,2026-06-08T04:02:01+00:00,departamento,030000,APURÍMAC,50.873,670,1317,37.212,134461,126746,5,642
2026-06-08T04:04:30+00:00,2026-06-08T04:02:01+00:00,departamento,040000,AREQUIPA,81.495,3435,4215,67.055,822444,770644,22,758
2026-06-08T04:04:30+00:00,2026-06-08T04:02:01+00:00,departamento,050000,AYACUCHO,49.316,937,1900,37.258,193830,183819,12,951
2026-06-08T04:04:30+00:00,2026-06-08T04:02:01+00:00,departamento,060000,CAJAMARCA,45.377,1924,4240,33.514,401761,371092,10,2306
2026-06-08T04:04:30+00:00,2026-06-08T04:02:01+00:00,departamento,240000,CALLAO,79.572,2306,2898,61.361,527073,491103,50,542
2026-06-08T04:04:30+00:00,2026-06-08T04:02:01+00:00,departamento,070000,CUSCO,61.762,2460,3983,47.289,536141,500426,34,1489
2026-06-08T04:04:30+00:00,2026-06-08T04:02:01+00:00,departamento,080000,HUANCAVELICA,44.933,572,1273,30.845,104704,99106,5,696
2026-06-08T04:04:30+00:00,2026-06-08T04:02:01+00:00,departamento,090000,HUÁNUCO,57.71,1351,2341,40.524,266044,248381,12,978
2026-06-08T04:04:30+00:00,2026-06-08T04:02:01+00:00,departamento,100000,ICA,72.329,1767,2443,59.18,422545,398330,13,663
2026-06-08T04:04:30+00:00,2026-06-08T04:02:01+00:00,departamento,110000,JUNÍN,67.245,2482,3691,51.095,542889,508529,18,1191
2026-06-08T04:04:30+00:00,2026-06-08T04:02:01+00:00,departamento,120000,LA LIBERTAD,66.239,3512,5302,50.836,789321,731110,25,1765
2026-06-08T04:04:30+00:00,2026-06-08T04:02:01+00:00,departamento,130000,LAMBAYEQUE,75.042,2694,3590,58.407,614061,566830,10,886
2026-06-08T04:04:30+00:00,2026-06-08T04:02:01+00:00,departamento,140000,LIMA,75.519,22087,29247,59.908,5182694,4866222,734,6426
2026-06-08T04:04:30+00:00,2026-06-08T04:02:01+00:00,departamento,150000,LORETO,37.746,1018,2697,25.072,194542,181640,14,1665
2026-06-08T04:04:30+00:00,2026-06-08T04:02:01+00:00,departamento,160000,MADRE DE DIOS,60.158,305,507,44.007,64944,61638,4,198
2026-06-08T04:04:30+00:00,2026-06-08T04:02:01+00:00,departamento,170000,MOQUEGUA,83.391,482,578,68.265,112384,105717,2,94
2026-06-08T04:04:30+00:00,2026-06-08T04:02:01+00:00,departamento,180000,PASCO,47.257,379,802,32.46,72611,67758,7,416
2026-06-08T04:04:30+00:00,2026-06-08T04:02:01+00:00,departamento,190000,PIURA,61.011,3222,5281,47.529,729131,671742,49,2010
2026-06-08T04:04:30+00:00,2026-06-08T04:02:01+00:00,departamento,200000,PUNO,65.411,2222,3397,52.672,507485,483434,22,1153
2026-06-08T04:04:30+00:00,2026-06-08T04:02:01+00:00,departamento,210000,SAN MARTÍN,57.419,1455,2534,42.751,309345,286165,8,1071
2026-06-08T04:04:30+00:00,2026-06-08T04:02:01+00:00,departamento,220000,TACNA,85.591,891,1041,70.4,213042,201040,13,137
2026-06-08T04:04:30+00:00,2026-06-08T04:02:01+00:00,departamento,230000,TUMBES,97.31,615,632,74.304,134725,124277,4,13
2026-06-08T04:04:30+00:00,2026-06-08T04:02:01+00:00,departamento,250000,UCAYALI,61.189,957,1564,41.581,188749,176720,24,583
2026-06-08T04:09:20+00:00,2026-06-08T04:06:01+00:00,nacional,,PERÚ,66.145,61360,92766,50.562,13816242,12915560,1155,30251
2026-06-08T04:09:20+00:00,2026-06-08T04:06:01+00:00,departamento,010000,AMAZONAS,51.487,658,1278,35.501,122567,114249,10,610
2026-06-08T04:09:20+00:00,2026-06-08T04:06:01+00:00,departamento,020000,ÁNCASH,67.079,2329,3472,50.45,490067,448779,31,1112
2026-06-08T04:09:20+00:00,2026-06-08T04:06:01+00:00,departamento,030000,APURÍMAC,51.329,676,1317,37.54,135648,127864,5,636
2026-06-08T04:09:20+00:00,2026-06-08T04:06:01+00:00,departamento,040000,AREQUIPA,82.017,3457,4215,67.484,827714,775587,22,736
2026-06-08T04:09:20+00:00,2026-06-08T04:06:01+00:00,departamento,050000,AYACUCHO,50.368,957,1900,37.903,197186,186985,12,931
2026-06-08T04:09:20+00:00,2026-06-08T04:06:01+00:00,departamento,060000,CAJAMARCA,45.59,1933,4240,33.633,403183,372455,10,2297
2026-06-08T04:09:20+00:00,2026-06-08T04:06:01+00:00,departamento,240000,CALLAO,81.366,2358,2898,62.671,538327,501615,50,490
2026-06-08T04:09:20+00:00,2026-06-08T04:06:01+00:00,departamento,070000,CUSCO,61.762,2460,3983,47.289,536141,500426,34,1489
2026-06-08T04:09:20+00:00,2026-06-08T04:06:01+00:00,departamento,080000,HUANCAVELICA,46.504,592,1273,31.639,107399,101645,5,676
2026-06-08T04:09:20+00:00,2026-06-08T04:06:01+00:00,departamento,090000,HUÁNUCO,58.138,1361,2341,40.789,267785,250004,12,968
2026-06-08T04:09:20+00:00,2026-06-08T04:06:01+00:00,departamento,100000,ICA,72.493,1771,2443,59.317,423520,399263,13,659
2026-06-08T04:09:20+00:00,2026-06-08T04:06:01+00:00,departamento,110000,JUNÍN,67.814,2503,3691,51.515,547342,512663,18,1170
2026-06-08T04:09:20+00:00,2026-06-08T04:06:01+00:00,departamento,120000,LA LIBERTAD,66.352,3518,5302,50.912,790509,732185,25,1759
2026-06-08T04:09:20+00:00,2026-06-08T04:06:01+00:00,departamento,130000,LAMBAYEQUE,75.32,2704,3590,58.631,616421,568983,10,876
2026-06-08T04:09:20+00:00,2026-06-08T04:06:01+00:00,departamento,140000,LIMA,76.787,22458,29247,60.904,5268797,4947122,749,6040
2026-06-08T04:09:20+00:00,2026-06-08T04:06:01+00:00,departamento,150000,LORETO,37.783,1019,2697,25.098,194740,181830,14,1664
2026-06-08T04:09:20+00:00,2026-06-08T04:06:01+00:00,departamento,160000,MADRE DE DIOS,60.158,305,507,44.007,64944,61638,4,198
2026-06-08T04:09:20+00:00,2026-06-08T04:06:01+00:00,departamento,170000,MOQUEGUA,83.391,482,578,68.265,112384,105717,2,94
2026-06-08T04:09:20+00:00,2026-06-08T04:06:01+00:00,departamento,180000,PASCO,48.13,386,802,33.03,73887,68929,7,409
2026-06-08T04:09:20+00:00,2026-06-08T04:06:01+00:00,departamento,190000,PIURA,61.352,3240,5281,47.796,733237,675510,50,1991
2026-06-08T04:09:20+00:00,2026-06-08T04:06:01+00:00,departamento,200000,PUNO,66.559,2261,3397,53.536,515811,491339,23,1113
2026-06-08T04:09:20+00:00,2026-06-08T04:06:01+00:00,departamento,210000,SAN MARTÍN,57.932,1468,2534,43.102,311885,288529,8,1058
2026-06-08T04:09:20+00:00,2026-06-08T04:06:01+00:00,departamento,220000,TACNA,85.591,891,1041,70.4,213042,201040,13,137
2026-06-08T04:09:20+00:00,2026-06-08T04:06:01+00:00,departamento,230000,TUMBES,97.468,616,632,74.432,134957,124483,4,12
2026-06-08T04:09:20+00:00,2026-06-08T04:06:01+00:00,departamento,250000,UCAYALI,61.189,957,1564,41.581,188749,176720,24,583
2026-06-08T04:14:12+00:00,2026-06-08T04:12:01+00:00,nacional,,PERÚ,66.829,61995,92766,51.062,13952928,13043538,1170,29601
2026-06-08T04:14:12+00:00,2026-06-08T04:12:01+00:00,departamento,010000,AMAZONAS,52.347,669,1278,36.111,124670,116218,10,599
2026-06-08T04:14:12+00:00,2026-06-08T04:12:01+00:00,departamento,020000,ÁNCASH,67.886,2357,3472,50.979,495201,453498,33,1082
2026-06-08T04:14:12+00:00,2026-06-08T04:12:01+00:00,departamento,030000,APURÍMAC,51.632,680,1317,37.707,136249,128439,5,632
2026-06-08T04:14:12+00:00,2026-06-08T04:12:01+00:00,departamento,040000,AREQUIPA,82.278,3468,4215,67.696,830309,778064,22,725
2026-06-08T04:14:12+00:00,2026-06-08T04:12:01+00:00,departamento,050000,AYACUCHO,50.895,967,1900,38.117,198297,188053,12,921
2026-06-08T04:14:12+00:00,2026-06-08T04:12:01+00:00,departamento,060000,CAJAMARCA,45.943,1948,4240,33.86,405905,374922,10,2282
2026-06-08T04:14:12+00:00,2026-06-08T04:12:01+00:00,departamento,240000,CALLAO,82.195,2382,2898,63.319,543891,506833,52,464
2026-06-08T04:14:12+00:00,2026-06-08T04:12:01+00:00,departamento,070000,CUSCO,61.838,2463,3983,47.349,536817,501051,34,1486
2026-06-08T04:14:12+00:00,2026-06-08T04:12:01+00:00,departamento,080000,HUANCAVELICA,46.976,598,1273,31.867,108171,102387,5,670
2026-06-08T04:14:12+00:00,2026-06-08T04:12:01+00:00,departamento,090000,HUÁNUCO,59.59,1395,2341,41.689,273694,255508,12,934
2026-06-08T04:14:12+00:00,2026-06-08T04:12:01+00:00,departamento,100000,ICA,73.066,1785,2443,59.791,426909,402494,14,644
2026-06-08T04:14:12+00:00,2026-06-08T04:12:01+00:00,departamento,110000,JUNÍN,68.057,2512,3691,51.698,549293,514494,18,1161
2026-06-08T04:14:12+00:00,2026-06-08T04:12:01+00:00,departamento,120000,LA LIBERTAD,66.616,3532,5302,51.055,792731,734205,25,1745
2026-06-08T04:14:12+00:00,2026-06-08T04:12:01+00:00,departamento,130000,LAMBAYEQUE,75.487,2710,3590,58.764,617811,570263,10,870
2026-06-08T04:14:12+00:00,2026-06-08T04:12:01+00:00,departamento,140000,LIMA,78.018,22818,29247,61.865,5351986,5025009,759,5670
2026-06-08T04:14:12+00:00,2026-06-08T04:12:01+00:00,departamento,150000,LORETO,38.191,1030,2697,25.376,196897,183845,14,1653
2026-06-08T04:14:12+00:00,2026-06-08T04:12:01+00:00,departamento,160000,MADRE DE DIOS,60.158,305,507,44.007,64944,61638,4,198
2026-06-08T04:14:12+00:00,2026-06-08T04:12:01+00:00,departamento,170000,MOQUEGUA,83.391,482,578,68.265,112384,105717,2,94
2026-06-08T04:14:12+00:00,2026-06-08T04:12:01+00:00,departamento,180000,PASCO,49.252,395,802,33.793,75593,70532,7,400
2026-06-08T04:14:12+00:00,2026-06-08T04:12:01+00:00,departamento,190000,PIURA,61.806,3264,5281,48.13,738355,680242,50,1967
2026-06-08T04:14:12+00:00,2026-06-08T04:12:01+00:00,departamento,200000,PUNO,67.383,2289,3397,54.113,521372,496709,23,1085
2026-06-08T04:14:12+00:00,2026-06-08T04:12:01+00:00,departamento,210000,SAN MARTÍN,58.366,1479,2534,43.398,314032,290549,8,1047
2026-06-08T04:14:12+00:00,2026-06-08T04:12:01+00:00,departamento,220000,TACNA,85.879,894,1041,70.621,213711,201665,13,134
2026-06-08T04:14:12+00:00,2026-06-08T04:12:01+00:00,departamento,230000,TUMBES,97.468,616,632,74.432,134957,124483,4,12
2026-06-08T04:14:12+00:00,2026-06-08T04:12:01+00:00,departamento,250000,UCAYALI,61.189,957,1564,41.581,188749,176720,24,583
2026-06-08T04:19:05+00:00,2026-06-08T04:16:01+00:00,nacional,,PERÚ,67.602,62712,92766,51.615,14104135,13184997,1188,28866
2026-06-08T04:19:05+00:00,2026-06-08T04:16:01+00:00,departamento,010000,AMAZONAS,54.617,698,1278,37.486,129419,120604,10,570
2026-06-08T04:19:05+00:00,2026-06-08T04:16:01+00:00,departamento,020000,ÁNCASH,68.635,2383,3472,51.376,499062,457079,34,1055
2026-06-08T04:19:05+00:00,2026-06-08T04:16:01+00:00,departamento,030000,APURÍMAC,52.771,695,1317,38.462,138978,131017,5,617
2026-06-08T04:19:05+00:00,2026-06-08T04:16:01+00:00,departamento,040000,AREQUIPA,82.396,3473,4215,67.782,831358,779053,22,720
2026-06-08T04:19:05+00:00,2026-06-08T04:16:01+00:00,departamento,050000,AYACUCHO,51.737,983,1900,38.804,201874,191414,12,905
2026-06-08T04:19:05+00:00,2026-06-08T04:16:01+00:00,departamento,060000,CAJAMARCA,46.675,1979,4240,34.363,411934,380541,10,2251
2026-06-08T04:19:05+00:00,2026-06-08T04:16:01+00:00,departamento,240000,CALLAO,83.506,2420,2898,64.34,552661,514933,54,424
2026-06-08T04:19:05+00:00,2026-06-08T04:16:01+00:00,departamento,070000,CUSCO,62.265,2480,3983,47.614,539825,503862,34,1469
2026-06-08T04:19:05+00:00,2026-06-08T04:16:01+00:00,departamento,080000,HUANCAVELICA,48.547,618,1273,32.778,111264,105304,5,650
2026-06-08T04:19:05+00:00,2026-06-08T04:16:01+00:00,departamento,090000,HUÁNUCO,60.231,1410,2341,42.032,275944,257603,12,919
2026-06-08T04:19:05+00:00,2026-06-08T04:16:01+00:00,departamento,100000,ICA,73.844,1804,2443,60.413,431345,406620,14,625
2026-06-08T04:19:05+00:00,2026-06-08T04:16:01+00:00,departamento,110000,JUNÍN,68.41,2525,3691,51.928,551733,516734,18,1148
2026-06-08T04:19:05+00:00,2026-06-08T04:16:01+00:00,departamento,120000,LA LIBERTAD,66.956,3550,5302,51.272,796097,737269,26,1726
2026-06-08T04:19:05+00:00,2026-06-08T04:16:01+00:00,departamento,130000,LAMBAYEQUE,76.518,2747,3590,59.558,626163,578007,10,833
2026-06-08T04:19:05+00:00,2026-06-08T04:16:01+00:00,departamento,140000,LIMA,79.092,23132,29247,62.713,5425279,5093881,772,5343
2026-06-08T04:19:05+00:00,2026-06-08T04:16:01+00:00,departamento,150000,LORETO,38.636,1042,2697,25.684,199288,186069,14,1641
2026-06-08T04:19:05+00:00,2026-06-08T04:16:01+00:00,departamento,160000,MADRE DE DIOS,60.158,305,507,44.007,64944,61638,4,198
2026-06-08T04:19:05+00:00,2026-06-08T04:16:01+00:00,departamento,170000,MOQUEGUA,83.564,483,578,68.379,112571,105893,2,93
2026-06-08T04:19:05+00:00,2026-06-08T04:16:01+00:00,departamento,180000,PASCO,49.252,395,802,33.793,75593,70532,7,400
2026-06-08T04:19:05+00:00,2026-06-08T04:16:01+00:00,departamento,190000,PIURA,62.299,3290,5281,48.459,743401,684855,50,1941
2026-06-08T04:19:05+00:00,2026-06-08T04:16:01+00:00,departamento,200000,PUNO,68.619,2331,3397,54.971,529641,504611,23,1043
2026-06-08T04:19:05+00:00,2026-06-08T04:16:01+00:00,departamento,210000,SAN MARTÍN,58.564,1484,2534,43.499,314759,291187,8,1042
2026-06-08T04:19:05+00:00,2026-06-08T04:16:01+00:00,departamento,220000,TACNA,86.455,900,1041,71.071,215072,202967,13,128
2026-06-08T04:19:05+00:00,2026-06-08T04:16:01+00:00,departamento,230000,TUMBES,97.468,616,632,74.432,134957,124483,4,12
2026-06-08T04:19:05+00:00,2026-06-08T04:16:01+00:00,departamento,250000,UCAYALI,61.957,969,1564,42.071,190973,178841,25,570
2026-06-08T04:24:00+00:00,2026-06-08T04:22:01+00:00,nacional,,PERÚ,68.227,63291,92766,52.066,14227137,13299793,1197,28278
2026-06-08T04:24:00+00:00,2026-06-08T04:22:01+00:00,departamento,010000,AMAZONAS,54.93,702,1278,37.645,129967,121116,10,566
2026-06-08T04:24:00+00:00,2026-06-08T04:22:01+00:00,departamento,020000,ÁNCASH,69.153,2401,3472,51.677,501983,459790,34,1037
2026-06-08T04:24:00+00:00,2026-06-08T04:22:01+00:00,departamento,030000,APURÍMAC,54.366,716,1317,39.462,142590,134486,5,596
2026-06-08T04:24:00+00:00,2026-06-08T04:22:01+00:00,departamento,040000,AREQUIPA,82.444,3475,4215,67.821,831841,779482,22,718
2026-06-08T04:24:00+00:00,2026-06-08T04:22:01+00:00,departamento,050000,AYACUCHO,52.053,989,1900,38.959,202682,192178,12,899
2026-06-08T04:24:00+00:00,2026-06-08T04:22:01+00:00,departamento,060000,CAJAMARCA,47.382,2009,4240,34.779,416920,385143,10,2221
2026-06-08T04:24:00+00:00,2026-06-08T04:22:01+00:00,departamento,240000,CALLAO,83.747,2427,2898,64.522,554222,516385,54,417
2026-06-08T04:24:00+00:00,2026-06-08T04:22:01+00:00,departamento,070000,CUSCO,63.495,2529,3983,48.525,550151,513480,36,1418
2026-06-08T04:24:00+00:00,2026-06-08T04:22:01+00:00,departamento,080000,HUANCAVELICA,49.411,629,1273,33.323,113115,107068,5,639
2026-06-08T04:24:00+00:00,2026-06-08T04:22:01+00:00,departamento,090000,HUÁNUCO,60.273,1411,2341,42.052,276080,257728,12,918
2026-06-08T04:24:00+00:00,2026-06-08T04:22:01+00:00,departamento,100000,ICA,74.335,1816,2443,60.817,434232,409344,14,613
2026-06-08T04:24:00+00:00,2026-06-08T04:22:01+00:00,departamento,110000,JUNÍN,68.437,2526,3691,51.946,551929,516909,19,1146
2026-06-08T04:24:00+00:00,2026-06-08T04:22:01+00:00,departamento,120000,LA LIBERTAD,67.503,3579,5302,51.694,802645,743188,27,1696
2026-06-08T04:24:00+00:00,2026-06-08T04:22:01+00:00,departamento,130000,LAMBAYEQUE,77.549,2784,3590,60.318,634157,585490,10,796
2026-06-08T04:24:00+00:00,2026-06-08T04:22:01+00:00,departamento,140000,LIMA,80.042,23410,29247,63.453,5489356,5153743,776,5061
2026-06-08T04:24:00+00:00,2026-06-08T04:22:01+00:00,departamento,150000,LORETO,39.303,1060,2697,26.115,202633,189182,15,1622
2026-06-08T04:24:00+00:00,2026-06-08T04:22:01+00:00,departamento,160000,MADRE DE DIOS,60.158,305,507,44.007,64944,61638,4,198
2026-06-08T04:24:00+00:00,2026-06-08T04:22:01+00:00,departamento,170000,MOQUEGUA,84.602,489,578,69.161,113858,107092,2,87
2026-06-08T04:24:00+00:00,2026-06-08T04:22:01+00:00,departamento,180000,PASCO,49.252,395,802,33.793,75593,70532,7,400
2026-06-08T04:24:00+00:00,2026-06-08T04:22:01+00:00,departamento,190000,PIURA,62.469,3299,5281,48.591,745420,686701,50,1932
2026-06-08T04:24:00+00:00,2026-06-08T04:22:01+00:00,departamento,200000,PUNO,69.65,2366,3397,55.663,536311,510937,23,1008
2026-06-08T04:24:00+00:00,2026-06-08T04:22:01+00:00,departamento,210000,SAN MARTÍN,58.721,1488,2534,43.568,315258,291663,8,1038
2026-06-08T04:24:00+00:00,2026-06-08T04:22:01+00:00,departamento,220000,TACNA,86.455,900,1041,71.071,215072,202967,13,128
2026-06-08T04:24:00+00:00,2026-06-08T04:22:01+00:00,departamento,230000,TUMBES,97.627,617,632,74.568,135205,124710,4,11
2026-06-08T04:24:00+00:00,2026-06-08T04:22:01+00:00,departamento,250000,UCAYALI,61.957,969,1564,42.071,190973,178841,25,570
2026-06-08T04:29:40+00:00,2026-06-08T04:26:01+00:00,nacional,,PERÚ,68.869,63887,92766,52.524,14352446,13416727,1213,27666
2026-06-08T04:29:40+00:00,2026-06-08T04:26:01+00:00,departamento,010000,AMAZONAS,55.164,705,1278,37.76,130366,121490,11,562
2026-06-08T04:29:40+00:00,2026-06-08T04:26:01+00:00,departamento,020000,ÁNCASH,69.988,2430,3472,52.18,506871,464310,34,1008
2026-06-08T04:29:40+00:00,2026-06-08T04:26:01+00:00,departamento,030000,APURÍMAC,54.746,721,1317,39.677,143367,135233,5,591
2026-06-08T04:29:40+00:00,2026-06-08T04:26:01+00:00,departamento,040000,AREQUIPA,82.444,3475,4215,67.821,831841,779482,22,718
2026-06-08T04:29:40+00:00,2026-06-08T04:26:01+00:00,departamento,050000,AYACUCHO,52.842,1004,1900,39.455,205258,194636,12,884
2026-06-08T04:29:40+00:00,2026-06-08T04:26:01+00:00,departamento,060000,CAJAMARCA,48.16,2042,4240,35.266,422761,390555,10,2188
2026-06-08T04:29:40+00:00,2026-06-08T04:26:01+00:00,departamento,240000,CALLAO,85.576,2480,2898,65.899,566052,527412,56,362
2026-06-08T04:29:40+00:00,2026-06-08T04:26:01+00:00,departamento,070000,CUSCO,63.796,2541,3983,48.745,552651,515850,36,1406
2026-06-08T04:29:40+00:00,2026-06-08T04:26:01+00:00,departamento,080000,HUANCAVELICA,51.296,653,1273,34.365,116650,110405,5,615
2026-06-08T04:29:40+00:00,2026-06-08T04:26:01+00:00,departamento,090000,HUÁNUCO,60.829,1424,2341,42.355,278071,259611,12,905
2026-06-08T04:29:40+00:00,2026-06-08T04:26:01+00:00,departamento,100000,ICA,74.335,1816,2443,60.817,434232,409344,14,613
2026-06-08T04:29:40+00:00,2026-06-08T04:26:01+00:00,departamento,110000,JUNÍN,68.437,2526,3691,51.946,551929,516909,19,1146
2026-06-08T04:29:40+00:00,2026-06-08T04:26:01+00:00,departamento,120000,LA LIBERTAD,67.955,3603,5302,52.012,807585,747721,27,1672
2026-06-08T04:29:40+00:00,2026-06-08T04:26:01+00:00,departamento,130000,LAMBAYEQUE,77.772,2792,3590,60.486,635923,587156,10,788
2026-06-08T04:29:40+00:00,2026-06-08T04:26:01+00:00,departamento,140000,LIMA,81.099,23719,29247,64.272,5560209,5219850,787,4741
2026-06-08T04:29:40+00:00,2026-06-08T04:26:01+00:00,departamento,150000,LORETO,40.193,1084,2697,26.723,207351,193554,16,1597
2026-06-08T04:29:40+00:00,2026-06-08T04:26:01+00:00,departamento,160000,MADRE DE DIOS,60.158,305,507,44.007,64944,61638,4,198
2026-06-08T04:29:40+00:00,2026-06-08T04:26:01+00:00,departamento,170000,MOQUEGUA,84.602,489,578,69.161,113858,107092,2,87
2026-06-08T04:29:40+00:00,2026-06-08T04:26:01+00:00,departamento,180000,PASCO,49.252,395,802,33.793,75593,70532,7,400
2026-06-08T04:29:40+00:00,2026-06-08T04:26:01+00:00,departamento,190000,PIURA,62.943,3324,5281,48.889,750006,690970,50,1907
2026-06-08T04:29:40+00:00,2026-06-08T04:26:01+00:00,departamento,200000,PUNO,70.121,2382,3397,56.016,539711,514131,24,991
2026-06-08T04:29:40+00:00,2026-06-08T04:26:01+00:00,departamento,210000,SAN MARTÍN,58.761,1489,2534,43.596,315463,291855,8,1037
2026-06-08T04:29:40+00:00,2026-06-08T04:26:01+00:00,departamento,220000,TACNA,86.551,901,1041,71.156,215330,203206,13,127
2026-06-08T04:29:40+00:00,2026-06-08T04:26:01+00:00,departamento,230000,TUMBES,97.785,618,632,74.704,135451,124944,4,10
2026-06-08T04:29:40+00:00,2026-06-08T04:26:01+00:00,departamento,250000,UCAYALI,61.957,969,1564,42.071,190973,178841,25,570
2026-06-08T04:34:33+00:00,2026-06-08T04:32:01+00:00,nacional,,PERÚ,69.669,64629,92766,53.092,14507670,13561985,1228,26909
2026-06-08T04:34:33+00:00,2026-06-08T04:32:01+00:00,departamento,010000,AMAZONAS,55.477,709,1278,37.937,130974,122059,11,558
2026-06-08T04:34:33+00:00,2026-06-08T04:32:01+00:00,departamento,020000,ÁNCASH,70.91,2462,3472,52.747,512378,469359,34,976
2026-06-08T04:34:33+00:00,2026-06-08T04:32:01+00:00,departamento,030000,APURÍMAC,55.353,729,1317,39.989,144494,136305,5,583
2026-06-08T04:34:33+00:00,2026-06-08T04:32:01+00:00,departamento,040000,AREQUIPA,82.61,3482,4215,67.958,833523,781088,22,711
2026-06-08T04:34:33+00:00,2026-06-08T04:32:01+00:00,departamento,050000,AYACUCHO,53.316,1013,1900,39.753,206811,196110,12,875
2026-06-08T04:34:33+00:00,2026-06-08T04:32:01+00:00,departamento,060000,CAJAMARCA,49.269,2089,4240,35.958,431049,398331,11,2140
2026-06-08T04:34:33+00:00,2026-06-08T04:32:01+00:00,departamento,240000,CALLAO,86.957,2520,2898,66.959,575159,535893,57,321
2026-06-08T04:34:33+00:00,2026-06-08T04:32:01+00:00,departamento,070000,CUSCO,64.474,2568,3983,49.212,557946,520845,36,1379
2026-06-08T04:34:33+00:00,2026-06-08T04:32:01+00:00,departamento,080000,HUANCAVELICA,52.003,662,1273,34.817,118185,111827,7,604
2026-06-08T04:34:33+00:00,2026-06-08T04:32:01+00:00,departamento,090000,HUÁNUCO,62.965,1474,2341,43.556,285951,267035,13,854
2026-06-08T04:34:33+00:00,2026-06-08T04:32:01+00:00,departamento,100000,ICA,74.458,1819,2443,60.911,434902,409972,14,610
2026-06-08T04:34:33+00:00,2026-06-08T04:32:01+00:00,departamento,110000,JUNÍN,69.439,2563,3691,52.655,559464,523893,19,1109
2026-06-08T04:34:33+00:00,2026-06-08T04:32:01+00:00,departamento,120000,LA LIBERTAD,68.634,3639,5302,52.469,814681,754251,27,1636
2026-06-08T04:34:33+00:00,2026-06-08T04:32:01+00:00,departamento,130000,LAMBAYEQUE,77.967,2799,3590,60.646,637599,588708,11,780
2026-06-08T04:34:33+00:00,2026-06-08T04:32:01+00:00,departamento,140000,LIMA,82.217,24046,29247,65.148,5636002,5291004,795,4406
2026-06-08T04:34:33+00:00,2026-06-08T04:32:01+00:00,departamento,150000,LORETO,40.86,1102,2697,27.155,210699,196694,16,1579
2026-06-08T04:34:33+00:00,2026-06-08T04:32:01+00:00,departamento,160000,MADRE DE DIOS,60.355,306,507,44.079,65050,61737,4,197
2026-06-08T04:34:33+00:00,2026-06-08T04:32:01+00:00,departamento,170000,MOQUEGUA,84.602,489,578,69.161,113858,107092,2,87
2026-06-08T04:34:33+00:00,2026-06-08T04:32:01+00:00,departamento,180000,PASCO,49.875,400,802,34.226,76562,71443,7,395
2026-06-08T04:34:33+00:00,2026-06-08T04:32:01+00:00,departamento,190000,PIURA,62.98,3326,5281,48.922,750510,691445,51,1904
2026-06-08T04:34:33+00:00,2026-06-08T04:32:01+00:00,departamento,200000,PUNO,70.827,2406,3397,56.554,544889,519044,24,967
2026-06-08T04:34:33+00:00,2026-06-08T04:32:01+00:00,departamento,210000,SAN MARTÍN,60.26,1527,2534,44.657,323142,298888,8,999
2026-06-08T04:34:33+00:00,2026-06-08T04:32:01+00:00,departamento,220000,TACNA,86.551,901,1041,71.156,215330,203206,13,127
2026-06-08T04:34:33+00:00,2026-06-08T04:32:01+00:00,departamento,230000,TUMBES,97.785,618,632,74.704,135451,124944,4,10
2026-06-08T04:34:33+00:00,2026-06-08T04:32:01+00:00,departamento,250000,UCAYALI,62.66,980,1564,42.531,193061,180812,25,559
2026-06-08T16:54:30+00:00,2026-06-08T16:52:00+00:00,nacional,,PERÚ,93.698,86920,92766,68.733,18781683,17551282,1514,4332
2026-06-08T16:54:30+00:00,2026-06-08T16:52:00+00:00,departamento,010000,AMAZONAS,90.532,1157,1278,56.264,194248,181649,13,108
2026-06-08T16:54:30+00:00,2026-06-08T16:52:00+00:00,departamento,020000,ÁNCASH,98.646,3425,3472,69.192,672120,616143,47,0
2026-06-08T16:54:30+00:00,2026-06-08T16:52:00+00:00,departamento,030000,APURÍMAC,99.089,1305,1317,67.245,242982,228783,10,2
2026-06-08T16:54:30+00:00,2026-06-08T16:52:00+00:00,departamento,040000,AREQUIPA,99.217,4182,4215,79.264,972188,912018,25,8
2026-06-08T16:54:30+00:00,2026-06-08T16:52:00+00:00,departamento,050000,AYACUCHO,88.474,1681,1900,59.327,308641,292024,17,202
2026-06-08T16:54:30+00:00,2026-06-08T16:52:00+00:00,departamento,060000,CAJAMARCA,99.292,4210,4240,66.114,792557,735054,30,0
2026-06-08T16:54:30+00:00,2026-06-08T16:52:00+00:00,departamento,240000,CALLAO,97.619,2829,2898,75.136,645392,601172,69,0
2026-06-08T16:54:30+00:00,2026-06-08T16:52:00+00:00,departamento,070000,CUSCO,91.288,3636,3983,66.649,755641,706496,43,304
2026-06-08T16:54:30+00:00,2026-06-08T16:52:00+00:00,departamento,080000,HUANCAVELICA,98.507,1254,1273,61.187,207698,196416,11,8
2026-06-08T16:54:30+00:00,2026-06-08T16:52:00+00:00,departamento,090000,HUÁNUCO,96.711,2264,2341,62.305,409045,381584,20,57
2026-06-08T16:54:30+00:00,2026-06-08T16:52:00+00:00,departamento,100000,ICA,99.099,2421,2443,79.971,570990,538859,22,0
2026-06-08T16:54:30+00:00,2026-06-08T16:52:00+00:00,departamento,110000,JUNÍN,97.507,3599,3691,70.907,753384,704603,32,60
2026-06-08T16:54:30+00:00,2026-06-08T16:52:00+00:00,departamento,120000,LA LIBERTAD,99.283,5264,5302,72.682,1128526,1042352,38,0
2026-06-08T16:54:30+00:00,2026-06-08T16:52:00+00:00,departamento,130000,LAMBAYEQUE,99.582,3575,3590,76.157,800672,740113,15,0
2026-06-08T16:54:30+00:00,2026-06-08T16:52:00+00:00,departamento,140000,LIMA,96.841,28323,29247,76.464,6614928,6209616,924,0
2026-06-08T16:54:30+00:00,2026-06-08T16:52:00+00:00,departamento,150000,LORETO,67.742,1827,2697,43.081,334274,311138,25,845
2026-06-08T16:54:30+00:00,2026-06-08T16:52:00+00:00,departamento,160000,MADRE DE DIOS,92.505,469,507,64.402,95043,90112,4,34
2026-06-08T16:54:30+00:00,2026-06-08T16:52:00+00:00,departamento,170000,MOQUEGUA,99.654,576,578,78.292,128891,121588,2,0
2026-06-08T16:54:30+00:00,2026-06-08T16:52:00+00:00,departamento,180000,PASCO,98.254,788,802,61.891,138446,129217,14,0
2026-06-08T16:54:30+00:00,2026-06-08T16:52:00+00:00,departamento,190000,PIURA,98.712,5213,5281,72.321,1109473,1021430,68,0
2026-06-08T16:54:30+00:00,2026-06-08T16:52:00+00:00,departamento,200000,PUNO,98.999,3363,3397,76.614,738166,702600,25,9
2026-06-08T16:54:30+00:00,2026-06-08T16:52:00+00:00,departamento,210000,SAN MARTÍN,98.54,2497,2534,71.405,516689,477936,13,24
2026-06-08T16:54:30+00:00,2026-06-08T16:52:00+00:00,departamento,220000,TACNA,98.655,1027,1041,79.785,241440,228208,14,0
2026-06-08T16:54:30+00:00,2026-06-08T16:52:00+00:00,departamento,230000,TUMBES,99.684,630,632,76.178,138123,127387,2,0
2026-06-08T16:54:30+00:00,2026-06-08T16:52:00+00:00,departamento,250000,UCAYALI,89.066,1393,1564,59.45,269861,252739,31,140
2026-06-08T16:58:46+00:00,2026-06-08T16:56:00+00:00,nacional,,PERÚ,93.727,86947,92766,68.744,18784731,17554170,1515,4304
2026-06-08T16:58:46+00:00,2026-06-08T16:58:00+00:00,departamento,010000,AMAZONAS,90.532,1157,1278,56.264,194248,181649,13,108
2026-06-08T16:58:46+00:00,2026-06-08T16:58:00+00:00,departamento,020000,ÁNCASH,98.646,3425,3472,69.192,672120,616143,47,0
2026-06-08T16:58:46+00:00,2026-06-08T16:58:00+00:00,departamento,030000,APURÍMAC,99.089,1305,1317,67.245,242982,228783,10,2
2026-06-08T16:58:46+00:00,2026-06-08T16:58:00+00:00,departamento,040000,AREQUIPA,99.217,4182,4215,79.264,972188,912018,25,8
2026-06-08T16:58:46+00:00,2026-06-08T16:56:00+00:00,departamento,050000,AYACUCHO,88.684,1685,1900,59.375,308889,292263,17,198
2026-06-08T16:58:46+00:00,2026-06-08T16:58:00+00:00,departamento,060000,CAJAMARCA,99.292,4210,4240,66.114,792557,735054,30,0
2026-06-08T16:58:46+00:00,2026-06-08T16:58:00+00:00,departamento,240000,CALLAO,97.619,2829,2898,75.136,645392,601172,69,0
2026-06-08T16:58:46+00:00,2026-06-08T16:58:00+00:00,departamento,070000,CUSCO,91.288,3636,3983,66.649,755641,706496,43,304
2026-06-08T16:58:46+00:00,2026-06-08T16:58:00+00:00,departamento,080000,HUANCAVELICA,98.507,1254,1273,61.187,207698,196416,11,8
2026-06-08T16:58:46+00:00,2026-06-08T16:56:00+00:00,departamento,090000,HUÁNUCO,96.796,2266,2341,62.343,409293,381821,20,55
2026-06-08T16:58:46+00:00,2026-06-08T16:56:00+00:00,departamento,100000,ICA,99.099,2421,2443,79.971,570990,538859,22,0
2026-06-08T16:58:46+00:00,2026-06-08T16:58:00+00:00,departamento,110000,JUNÍN,97.507,3599,3691,70.907,753384,704603,32,60
2026-06-08T16:58:46+00:00,2026-06-08T16:58:00+00:00,departamento,120000,LA LIBERTAD,99.283,5264,5302,72.682,1128526,1042352,38,0
2026-06-08T16:58:46+00:00,2026-06-08T16:58:00+00:00,departamento,130000,LAMBAYEQUE,99.582,3575,3590,76.157,800672,740113,15,0
2026-06-08T16:58:46+00:00,2026-06-08T16:58:00+00:00,departamento,140000,LIMA,96.841,28323,29247,76.464,6614928,6209616,924,0
2026-06-08T16:58:46+00:00,2026-06-08T16:58:00+00:00,departamento,150000,LORETO,67.964,1833,2697,43.162,334902,311702,25,839
2026-06-08T16:58:46+00:00,2026-06-08T16:58:00+00:00,departamento,160000,MADRE DE DIOS,93.097,472,507,64.694,95473,90521,4,31
2026-06-08T16:58:46+00:00,2026-06-08T16:58:00+00:00,departamento,170000,MOQUEGUA,99.654,576,578,78.292,128891,121588,2,0
2026-06-08T16:58:46+00:00,2026-06-08T16:58:00+00:00,departamento,180000,PASCO,98.254,788,802,61.891,138446,129217,14,0
2026-06-08T16:58:46+00:00,2026-06-08T16:58:00+00:00,departamento,190000,PIURA,98.712,5213,5281,72.321,1109473,1021430,68,0
2026-06-08T16:58:46+00:00,2026-06-08T16:58:00+00:00,departamento,200000,PUNO,98.999,3363,3397,76.614,738166,702600,25,9
2026-06-08T16:58:46+00:00,2026-06-08T16:58:00+00:00,departamento,210000,SAN MARTÍN,98.54,2497,2534,71.405,516689,477936,13,24
2026-06-08T16:58:46+00:00,2026-06-08T16:58:00+00:00,departamento,220000,TACNA,98.655,1027,1041,79.785,241440,228208,14,0
2026-06-08T16:58:46+00:00,2026-06-08T16:58:00+00:00,departamento,230000,TUMBES,99.684,630,632,76.178,138123,127387,2,0
2026-06-08T16:58:46+00:00,2026-06-08T16:58:00+00:00,departamento,250000,UCAYALI,89.834,1405,1564,59.779,271355,254178,32,127
